Name;ISIN;Symbol;Market;"Trading Currency";Open;High;Low;Last;"Last Date/Time";"Time Zone";Volume;Turnover
"AALBERTS NV";NL0000852564;AALB;"Euronext Amsterdam";EUR;35.40;36.53;35.22;36.40;"15/12/20 17:36";CET;232834;8432476.87
"AB INBEV";BE0974293251;ABI;"Euronext Brussels";EUR;57.66;58.05;57.34;57.93;"15/12/20 17:35";CET;1504281;86878412.28
"ABN AMRO BANK N.V.";NL0011540547;ABN;"Euronext Amsterdam";EUR;8.10;8.34;8.058;8.312;"15/12/20 17:35";CET;5038275;41506290.67
ACCOR;FR0000120404;AC;"Euronext Paris";EUR;29.43;30.03;29.01;29.99;"15/12/20 17:35";CET;1116363;33050550.54
"ACKERMANS V.HAAREN";BE0003764785;ACKB;"Euronext Brussels";EUR;118.80;120.00;118.40;118.80;"15/12/20 17:35";CET;29710;3538525.50
Adevinta;NO0010844038;ADE;"Oslo Børs";NOK;134.00;135.10;131.70;135.10;"15/12/20 16:25";CET;455497;5762098.45
ADP;FR0010340141;ADP;"Euronext Paris";EUR;105.00;106.20;104.10;106.00;"15/12/20 17:36";CET;70038;7397072.60
ADYEN;NL0012969182;ADYEN;"Euronext Amsterdam";EUR;1838.00;1874.50;1828.00;1860.00;"15/12/20 17:39";CET;70953;131591277.50
AEDIFICA;BE0003851681;AED;"Euronext Brussels, Amsterdam";EUR;95.00;95.30;93.90;94.00;"15/12/20 17:35";CET;55552;5236136.60
AEGON;NL0000303709;AGN;"Euronext Amsterdam";EUR;2.96;3.066;2.946;3.066;"15/12/20 17:35";CET;13627031;41299941.54
"AF Gruppen";NO0003078107;AFG;"Oslo Børs";NOK;170.00;170.00;167.00;167.40;"15/12/20 16:25";CET;34015;536548.97
AGEAS;BE0974264930;AGS;"Euronext Brussels";EUR;42.26;42.75;42.00;42.50;"15/12/20 17:35";CET;465964;19749456.11
"AHOLD DEL";NL0011794037;AD;"Euronext Amsterdam, Brussels";EUR;23.45;23.69;23.35;23.42;"15/12/20 17:35";CET;3421472;80410453.48
"AIB GROUP PLC";IE00BF0L3536;A5G;"Euronext Dublin";EUR;1.534;1.606;1.534;1.597;"15/12/20 21:07";IST;2890758;4589494.47
"AIR FRANCE -KLM";FR0000031122;AF;"Euronext Paris, Amsterdam";EUR;4.86;4.95;4.724;4.942;"15/12/20 17:36";CET;5187085;25173827.77
"AIR LIQUIDE";FR0000120073;AI;"Euronext Paris";EUR;136.10;136.80;133.60;133.70;"15/12/20 17:30";CET;980890;131809069.60
AIRBUS;NL0000235190;AIR;"Euronext Paris";EUR;91.50;92.34;89.85;91.37;"15/12/20 17:38";CET;2055691;187488576.83
Aker;NO0010234552;AKER;"Oslo Børs";NOK;518.00;522.00;515.00;518.00;"15/12/20 16:27";CET;32401;1582506.48
"AKKA TECHNOLOGIES";FR0004180537;AKA;"Euronext Paris, Brussels";EUR;24.70;25.20;23.15;25.10;"15/12/20 17:35";CET;102267;2505274.55
"AKZO NOBEL";NL0013267909;AKZA;"Euronext Amsterdam";EUR;86.18;87.30;86.02;86.66;"15/12/20 17:35";CET;407466;35319544.88
ALD;FR0013258662;ALD;"Euronext Paris";EUR;11.70;12.12;11.68;11.90;"15/12/20 17:35";CET;179424;2136088.32
ALSTOM;FR0010220475;ALO;"Euronext Paris";EUR;45.70;46.40;45.65;45.87;"15/12/20 17:35";CET;648395;29821942.16
ALTAREA;FR0000033219;ALTA;"Euronext Paris";EUR;130.60;134.20;130.60;134.20;"15/12/20 17:35";CET;3738;496536.80
ALTEN;FR0000071946;ATE;"Euronext Paris";EUR;89.60;91.40;89.05;90.95;"15/12/20 17:35";CET;39380;3568537.00
"ALTICE EUROPE B";NL0011333760;ATCB;"Euronext Amsterdam";EUR;4.395;4.42;4.335;4.37;"15/12/20 17:35";CET;60322;263521.05
"ALTICE EUROPE N.V.";NL0011333752;ATC;"Euronext Amsterdam";EUR;4.387;4.415;4.313;4.323;"15/12/20 17:35";CET;1781158;7746805.51
"ALTRI SGPS";PTALT0AE0002;ALTR;"Euronext Lisbon";EUR;5.38;5.38;5.15;5.29;"15/12/20 22:35";BST;544962;2862228.82
AMUNDI;FR0004125920;AMUN;"Euronext Paris";EUR;66.90;68.20;66.30;67.95;"15/12/20 17:35";CET;125872;8529194.50
APERAM;LU0569974404;APAM;"Euronext Amsterdam, Brussels, Paris";EUR;32.53;33.50;32.45;33.46;"15/12/20 17:36";CET;289281;9591271.71
ARCADIS;NL0006237562;ARCAD;"Euronext Amsterdam";EUR;25.66;25.84;25.48;25.70;"15/12/20 17:35";CET;119724;3065922.30
"ARCELORMITTAL SA";LU1598757687;MT;"Euronext Amsterdam, Paris";EUR;17.614;18.692;17.50;18.652;"15/12/20 17:39";CET;8825366;161455982.09
ARGAN;FR0010481960;ARG;"Euronext Paris";EUR;77.80;78.00;77.20;77.20;"15/12/20 17:35";CET;1583;122748.20
"ARGENX SE";NL0010832176;ARGX;"Euronext Brussels";EUR;252.20;254.80;249.40;249.40;"15/12/20 17:36";CET;56668;14215357.60
ARKEMA;FR0010313833;AKE;"Euronext Paris";EUR;94.88;96.50;94.58;95.08;"15/12/20 17:35";CET;146787;13980157.10
"ARTOIS NOM.";FR0000076952;ARTO;"Euronext Paris";EUR;3940.00;3940.00;3940.00;3940.00;"15/12/20 17:20";CET;4;15760.00
"ASM INTERNATIONAL";NL0000334118;ASM;"Euronext Amsterdam";EUR;165.50;166.75;164.70;166.15;"15/12/20 17:35";CET;274830;45243620.25
"ASML HOLDING";NL0010273215;ASML;"Euronext Amsterdam";EUR;376.35;382.75;372.90;382.35;"15/12/20 17:39";CET;760521;289660387.10
"ASR NEDERLAND";NL0011872643;ASRNL;"Euronext Amsterdam";EUR;30.79;31.37;30.68;31.37;"15/12/20 17:35";CET;597014;18617651.94
Atea;NO0004822503;ATEA;"Oslo Børs";NOK;116.00;117.20;115.60;116.00;"15/12/20 16:25";CET;50177;549870.45
ATOS;FR0000051732;ATO;"Euronext Paris";EUR;73.08;74.18;72.76;73.86;"15/12/20 17:35";CET;439145;32354624.38
"ATRIUM EUR REALEST";JE00B3DCF752;ATRS;"Euronext Amsterdam";EUR;2.47;2.47;2.43;2.43;"15/12/20 17:29";CET;12505;30668.46
"Austevoll Seafood";NO0010073489;AUSS;"Oslo Børs";NOK;81.30;81.70;80.60;81.55;"15/12/20 16:25";CET;149277;1142263.74
AXA;FR0000120628;CS;"Euronext Paris";EUR;19.598;19.964;19.526;19.93;"15/12/20 17:35";CET;5324734;105837169.10
B.COM.PORTUGUES;PTBCP0AM0015;BCP;"Euronext Lisbon";EUR;0.123;0.127;0.1225;0.127;"15/12/20 22:35";BST;42663989;5341898.48
"BAINS MER MONACO";MC0000031187;BAIN;"Euronext Paris";EUR;63.60;63.60;62.60;63.40;"15/12/20 17:19";CET;921;58339.40
Bakkafrost;FO0000000179;BAKKA;"Oslo Børs";NOK;545.00;549.00;540.00;549.00;"15/12/20 16:27";CET;88440;4559239.73
"BANK OF IR NC PREF";IE0000730790;DD7E;"Euronext Dublin";EUR;23.00;23.00;23.00;23.00;"25/10/19 03:30";IST;87612;2015076.00
"BANK OF IR NCP STF";IE0000730808;DD7D;"Euronext Dublin";EUR;17.00;-;-;17.00;"11/09/19 14:39";IST;-;-
"BANK OF IRELAND GP";IE00BD1RP616;BIRG;"Euronext Dublin";EUR;3.002;3.19;2.992;3.168;"15/12/20 21:07";IST;2174305;6814933.14
BARCO;BE0974362940;BAR;"Euronext Brussels";EUR;17.70;18.12;17.66;18.02;"15/12/20 17:35";CET;135798;2436776.32
BASIC-FIT;NL0011872650;BFIT;"Euronext Amsterdam";EUR;30.05;31.60;29.95;30.50;"15/12/20 17:35";CET;263783;8062246.85
"BE SEMICONDUCTOR";NL0012866412;BESI;"Euronext Amsterdam";EUR;46.35;47.42;46.13;47.14;"15/12/20 17:35";CET;360937;16982309.50
BEFIMMO;BE0003678894;BEFB;"Euronext Brussels";EUR;38.35;38.65;38.10;38.50;"15/12/20 17:35";CET;21852;840777.85
BEKAERT;BE0974258874;BEKB;"Euronext Brussels";EUR;27.60;28.20;27.60;28.20;"15/12/20 17:35";CET;110379;3093652.10
BEL;FR0000121857;FBEL;"Euronext Paris";EUR;312.00;316.00;312.00;316.00;"15/12/20 16:31";CET;283;89408.00
BIC;FR0000120966;BB;"Euronext Paris";EUR;48.98;49.44;48.72;48.96;"15/12/20 17:36";CET;40612;1990826.92
BIOMERIEUX;FR0013280286;BIM;"Euronext Paris";EUR;121.20;121.80;113.10;113.10;"15/12/20 17:35";CET;267506;30724642.00
"BNP PARIBAS ACT.A";FR0000131104;BNP;"Euronext Paris";EUR;44.075;45.355;43.90;45.235;"15/12/20 17:35";CET;4143444;186604858.82
BOLLORE;FR0000039299;BOL;"Euronext Paris";EUR;3.40;3.446;3.36;3.434;"15/12/20 17:35";CET;1019666;3500679.51
"BOSKALIS WESTMIN";NL0000852580;BOKA;"Euronext Amsterdam";EUR;20.50;23.12;20.50;23.12;"15/12/20 17:39";CET;1143588;25602840.10
BOUYGUES;FR0000120503;EN;"Euronext Paris";EUR;33.93;34.42;33.73;34.36;"15/12/20 17:35";CET;838482;28710300.36
BPOST;BE0974268972;BPOST;"Euronext Brussels";EUR;8.87;9.185;8.815;8.935;"15/12/20 17:35";CET;492594;4424645.70
BREDERODE;LU1068091351;BREB;"Euronext Brussels";EUR;80.50;81.00;80.30;80.30;"15/12/20 17:36";CET;2336;188363.90
"BUREAU VERITAS";FR0006174348;BVI;"Euronext Paris";EUR;22.61;22.82;22.55;22.62;"15/12/20 17:35";CET;685533;15518784.62
BURELLE;FR0000061137;BUR;"Euronext Paris";EUR;764.00;764.00;756.00;760.00;"15/12/20 17:35";CET;115;87546.00
"BW LPG";BMG173841013;BWLPG;"Oslo Børs";NOK;60.80;61.45;59.45;60.00;"15/12/20 16:27";CET;789905;4482304.76
"CAMBODGE NOM.";FR0000079659;CBDG;"Euronext Paris";EUR;5500.00;5500.00;5500.00;5500.00;"15/12/20 11:30";CET;1;5500.00
CAPGEMINI;FR0000125338;CAP;"Euronext Paris";EUR;115.10;115.45;112.55;114.15;"15/12/20 17:36";CET;460527;52564365.45
CARMILA;FR0010828137;CARM;"Euronext Paris";EUR;11.54;11.74;11.44;11.70;"15/12/20 17:35";CET;111226;1286685.62
CARREFOUR;FR0000120172;CA;"Euronext Paris";EUR;13.77;13.79;13.455;13.505;"15/12/20 17:35";CET;3929299;53265953.15
"CASINO GUICHARD";FR0000125585;CO;"Euronext Paris";EUR;24.83;25.51;24.76;25.31;"15/12/20 17:35";CET;198155;5006896.27
"CATERPILLAR INC";US1491231015;CATR;"Euronext Paris";EUR;150.00;150.00;150.00;150.00;"15/12/20 09:00";CET;4;600.00
CFE;BE0003883031;CFEB;"Euronext Brussels";EUR;76.40;79.70;75.80;79.70;"15/12/20 17:35";CET;22168;1742131.80
CGG;FR0013181864;CGG;"Euronext Paris";EUR;0.825;0.832;0.7902;0.812;"15/12/20 17:35";CET;23153833;18715372.81
"CHRISTIAN DIOR";FR0000130403;CDI;"Euronext Paris";EUR;444.20;451.00;444.20;450.20;"15/12/20 17:35";CET;5883;2640901.60
"CNP ASSURANCES";FR0000120222;CNP;"Euronext Paris";EUR;12.94;13.25;12.92;13.21;"15/12/20 17:35";CET;506626;6663342.37
"COCA-COLA EUROPEAN";GB00BDCPN049;CCEP;"Euronext Amsterdam";EUR;38.55;38.90;38.35;38.60;"15/12/20 17:35";CET;25948;1002495.35
COFACE;FR0010667147;COFA;"Euronext Paris";EUR;8.37;8.45;8.24;8.42;"15/12/20 17:35";CET;282333;2354195.08
COFINIMMO;BE0003593044;COFB;"Euronext Brussels";EUR;122.00;122.40;120.80;121.80;"15/12/20 17:35";CET;48831;5947645.00
COLAS;FR0000121634;RE;"Euronext Paris";EUR;128.00;129.50;127.50;128.50;"15/12/20 17:29";CET;329;42122.50
COLRUYT;BE0974256852;COLR;"Euronext Brussels";EUR;49.54;49.60;48.94;49.11;"15/12/20 17:35";CET;219021;10764172.88
CORBION;NL0010583399;CRBN;"Euronext Amsterdam";EUR;44.70;45.00;44.25;44.75;"15/12/20 17:39";CET;98944;4419779.70
"CORE LABORATORIES";NL0000200384;CLB;"Euronext Amsterdam";EUR;22.60;23.00;22.60;23.00;"15/12/20 17:25";CET;397;9111.00
"CORTICEIRA AMORIM";PTCOR0AE0006;COR;"Euronext Lisbon";EUR;10.50;10.70;10.46;10.70;"15/12/20 22:35";BST;52058;553869.92
COVIVIO;FR0000064578;COV;"Euronext Paris";EUR;75.60;76.55;75.15;76.05;"15/12/20 17:35";CET;124648;9469603.50
"COVIVIO HOTELS";FR0000060303;COVH;"Euronext Paris";EUR;17.55;17.60;17.55;17.55;"15/12/20 17:35";CET;1786;31362.45
"CREDIT AGRICOLE";FR0000045072;ACA;"Euronext Paris";EUR;10.52;10.73;10.45;10.675;"15/12/20 17:35";CET;6607022;70440751.40
"CRH PLC 5PCCumPref";IE0001827264;DD8A;"Euronext Dublin";EUR;-;-;-;-;-;IST;-;-
"CRH PLC 7PCCumPref";IE0001827603;DD8B;"Euronext Dublin";EUR;-;-;-;-;-;IST;-;-
"CRH PLC ord";IE0001827041;CRG;"Euronext Dublin";EUR;32.71;33.00;32.47;32.92;"15/12/20 21:07";IST;1032183;33841971.86
D'IETEREN;BE0974259880;DIE;"Euronext Brussels";EUR;68.00;68.00;67.00;67.00;"15/12/20 17:35";CET;44471;2992617.40
DANONE;FR0000120644;BN;"Euronext Paris";EUR;52.42;52.84;52.32;52.50;"15/12/20 17:35";CET;2008359;105483653.26
"DASSAULT AVIATION";FR0000121725;AM;"Euronext Paris";EUR;896.00;908.50;890.00;906.50;"15/12/20 17:35";CET;6477;5850205.50
"DASSAULT SYSTEMES";FR0000130650;DSY;"Euronext Paris";EUR;156.50;158.55;155.40;157.15;"15/12/20 17:35";CET;297977;46826073.95
DIAGEO;GB0002374006;DGE;"Euronext Paris";EUR;32.92;32.92;32.55;32.55;"15/12/20 13:42";CET;251;8170.42
"DIAGEO PLC";GB0002374006;GUI1;"Euronext Dublin";EUR;-;-;-;-;-;IST;-;-
DNB;NO0010031479;DNB;"Oslo Børs";NOK;161.50;163.45;160.50;161.80;"15/12/20 16:25";CET;2287384;34883695.77
"DSM KON";NL0000009827;DSM;"Euronext Amsterdam";EUR;134.75;136.70;134.25;135.55;"15/12/20 17:35";CET;406309;55101579.60
EDENRED;FR0010908533;EDEN;"Euronext Paris";EUR;46.07;46.64;46.03;46.34;"15/12/20 17:38";CET;307405;14250873.07
EDF;FR0010242511;EDF;"Euronext Paris";EUR;12.395;12.50;12.335;12.50;"15/12/20 17:35";CET;2284802;28460370.03
EDP;PTEDP0AM0009;EDP;"Euronext Lisbon";EUR;4.80;4.805;4.726;4.747;"15/12/20 22:35";BST;6643531;31574035.26
"EDP RENOVAVEIS";ES0127797019;EDPR;"Euronext Lisbon";EUR;19.00;19.58;18.64;19.44;"15/12/20 22:35";BST;752565;14493486.40
EIFFAGE;FR0000130452;FGR;"Euronext Paris";EUR;80.12;81.10;79.56;80.84;"15/12/20 17:35";CET;211861;17031235.38
"ELIA GROUP";BE0003822393;ELI;"Euronext Brussels";EUR;93.80;94.00;91.90;92.10;"15/12/20 17:35";CET;41907;3866792.40
"ELIOR GROUP";FR0011950732;ELIOR;"Euronext Paris";EUR;5.54;5.585;5.45;5.58;"15/12/20 17:35";CET;640054;3537263.20
ELIS;FR0012435121;ELIS;"Euronext Paris";EUR;12.91;13.34;12.77;13.30;"15/12/20 17:39";CET;340596;4470530.86
Elkem;NO0010816093;ELK;"Oslo Børs";NOK;27.76;28.28;27.26;27.30;"15/12/20 16:25";CET;791797;2057608.82
ENGIE;FR0010208488;ENGI;"Euronext Paris, Brussels";EUR;12.50;12.54;12.385;12.43;"15/12/20 17:30";CET;5026817;62513306.22
Entra;NO0010716418;ENTRA;"Oslo Børs";NOK;173.70;178.00;173.20;177.40;"15/12/20 16:25";CET;663539;11049259.99
Equinor;NO0010096985;EQNR;"Oslo Børs";NOK;144.55;147.55;144.55;146.40;"15/12/20 16:25";CET;2330416;32096004.16
ERAMET;FR0000131757;ERA;"Euronext Paris";EUR;39.00;40.35;39.00;40.20;"15/12/20 17:35";CET;52234;2087582.83
ESSILORLUXOTTICA;FR0000121667;EL;"Euronext Paris";EUR;129.65;130.05;129.00;129.20;"15/12/20 17:35";CET;666188;86187232.90
EURAZEO;FR0000121121;RF;"Euronext Paris";EUR;55.10;56.45;54.95;56.20;"15/12/20 17:37";CET;147496;8230911.55
EUROCOMMERCIAL;NL0000288876;ECMPA;"Euronext Amsterdam, Brussels";EUR;14.14;14.98;14.06;14.98;"15/12/20 17:35";CET;170989;2514818.18
"EUROFINS SCIENT.";FR0014000MR3;ERF;"Euronext Paris";EUR;68.76;69.36;66.07;66.30;"15/12/20 17:35";CET;444461;29756549.02
EURONAV;BE0003816338;EURN;"Euronext Brussels";EUR;6.78;6.845;6.735;6.815;"15/12/20 17:35";CET;628658;4268171.91
EURONEXT;NL0006294274;ENX;"Euronext Paris, Amsterdam, Brussels";EUR;87.50;87.70;86.35;87.00;"15/12/20 17:35";CET;167814;14601576.55
EURONEXT;NL0006294274;ENXP;"Euronext Lisbon";EUR;-;-;-;-;-;BST;-;-
"EUTELSAT COMMUNIC.";FR0010221234;ETL;"Euronext Paris";EUR;9.284;9.456;9.24;9.456;"15/12/20 17:39";CET;562865;5287537.31
FAGRON;BE0003874915;FAGR;"Euronext Brussels, Amsterdam";EUR;18.92;19.20;18.87;19.15;"15/12/20 17:37";CET;42114;800577.56
FAURECIA;FR0000121147;EO;"Euronext Paris";EUR;40.21;41.12;40.12;41.03;"15/12/20 17:35";CET;285585;11656772.08
FDJ;FR0013451333;FDJ;"Euronext Paris";EUR;35.56;35.67;35.24;35.37;"15/12/20 17:37";CET;251709;8903683.81
FFP;FR0000064784;FFP;"Euronext Paris";EUR;92.00;94.00;92.00;93.60;"15/12/20 17:35";CET;8358;777676.30
"FINANCIERE ODET";FR0000062234;ODET;"Euronext Paris";EUR;742.00;748.00;742.00;742.00;"15/12/20 17:35";CET;63;46866.00
"FLOW TRADERS";NL0011279492;FLOW;"Euronext Amsterdam";EUR;26.30;26.32;25.86;25.98;"15/12/20 17:37";CET;198977;5173185.24
"FLUTTER ENTERTAIN";IE00BWT6H894;FLTR;"Euronext Dublin";EUR;163.10;168.25;163.10;167.70;"15/12/20 21:07";IST;314846;52668280.35
"FNAC DARTY";FR0011476928;FNAC;"Euronext Paris";EUR;50.00;51.60;49.60;51.40;"15/12/20 17:39";CET;101926;5189691.44
"FONCIERE LYONNAISE";FR0000033409;FLY;"Euronext Paris";EUR;62.40;63.80;62.40;63.00;"15/12/20 17:29";CET;1161;73070.40
Frontline;BMG3682E1921;FRO;"Oslo Børs";NOK;58.30;59.25;58.20;58.40;"15/12/20 16:27";CET;590007;3260734.47
GALAPAGOS;BE0003818359;GLPG;"Euronext Amsterdam, Brussels";EUR;97.50;99.34;97.00;97.06;"15/12/20 17:36";CET;364302;35664224.60
"GALP ENERGIA-NOM";PTGAL0AM0009;GALP;"Euronext Lisbon";EUR;8.95;9.088;8.822;8.884;"15/12/20 22:35";BST;2268459;20224555.73
GBL;BE0003797140;GBLB;"Euronext Brussels";EUR;81.72;82.80;81.50;82.36;"15/12/20 17:39";CET;192766;15879318.70
GECINA;FR0010040865;GFC;"Euronext Paris";EUR;125.60;127.70;124.60;126.00;"15/12/20 17:35";CET;105748;13316952.60
"GENERAL ELECTRIC";US3696041033;GNE;"Euronext Paris";EUR;8.80;9.108;8.702;9.00;"15/12/20 17:22";CET;5769;51057.58
"GETLINK SE";FR0010533075;GET;"Euronext Paris";EUR;13.46;13.63;13.36;13.61;"15/12/20 17:35";CET;808297;10942631.34
GIMV;BE0003699130;GIMB;"Euronext Brussels";EUR;49.15;49.25;48.95;49.05;"15/12/20 17:35";CET;7972;391248.70
"Gjensidige Forsikr";NO0010582521;GJF;"Oslo Børs";NOK;184.30;185.80;184.30;185.80;"15/12/20 16:29";CET;429494;7506339.64
"GLANBIA PLC";IE0000669501;GL9;"Euronext Dublin";EUR;10.52;10.52;10.35;10.40;"15/12/20 21:08";IST;785784;8198850.85
GRANDVISION;NL0010937066;GVNV;"Euronext Amsterdam";EUR;25.35;25.35;24.60;24.85;"15/12/20 17:35";CET;35788;888035.85
"Grieg Seafood";NO0010365521;GSF;"Oslo Børs";NOK;74.35;76.60;73.95;76.60;"15/12/20 16:26";CET;253033;1800201.76
GTT;FR0011726835;GTT;"Euronext Paris";EUR;79.10;79.35;78.05;78.15;"15/12/20 17:35";CET;61689;4841344.50
"HAL TRUST";BMG455841020;HAL;"Euronext Amsterdam";EUR;114.80;118.00;114.60;117.20;"15/12/20 17:35";CET;13428;1569813.00
HEINEKEN;NL0000009165;HEIA;"Euronext Amsterdam";EUR;91.98;91.98;89.72;89.72;"15/12/20 17:35";CET;791832;71424079.90
"HEINEKEN HOLDING";NL0000008977;HEIO;"Euronext Amsterdam";EUR;80.00;80.00;78.10;78.10;"15/12/20 17:35";CET;160796;12606677.60
"HERMES INTL";FR0000052292;RMS;"Euronext Paris";EUR;846.80;855.60;845.40;853.60;"15/12/20 17:36";CET;63580;54192114.00
"HSBC HOLDINGS";GB0005405286;HSB;"Euronext Paris";EUR;4.311;4.45;4.311;4.45;"15/12/20 17:30";CET;231482;1009798.31
"HUNTER DOUGLAS";ANN4327C1220;HDG;"Euronext Amsterdam";EUR;63.40;63.60;63.40;63.40;"15/12/20 17:35";CET;92323;5854181.80
"HUNTER DOUGLAS";ANN4327C1303;HUNDP;"Euronext Amsterdam";EUR;0.30;0.30;0.30;0.30;"15/12/20 17:19";CET;1295;388.50
ICADE;FR0000035081;ICAD;"Euronext Paris";EUR;64.15;65.05;63.50;64.55;"15/12/20 17:35";CET;100912;6502974.05
"ID LOGISTICS GROUP";FR0010929125;IDL;"Euronext Paris";EUR;208.00;215.50;208.00;214.00;"15/12/20 17:35";CET;1969;419793.50
IFF;US4595061015;IFF;"Euronext Paris";EUR;114.00;114.00;114.00;114.00;"20/11/20 09:20";CET;20;2280.00
ILIAD;FR0004035913;ILD;"Euronext Paris";EUR;174.05;174.05;169.30;170.20;"15/12/20 17:39";CET;78011;13324038.40
IMCD;NL0010801007;IMCD;"Euronext Amsterdam";EUR;101.05;102.35;100.30;100.30;"15/12/20 17:35";CET;104506;10547546.05
IMERYS;FR0000120859;NK;"Euronext Paris";EUR;37.00;38.22;37.00;38.16;"15/12/20 17:35";CET;129896;4915284.60
"ING GROEP N.V.";NL0011821202;INGA;"Euronext Amsterdam, Brussels";EUR;7.896;8.143;7.855;8.10;"15/12/20 17:35";CET;17380287;139862738.34
INTERPARFUMS;FR0004024222;ITP;"Euronext Paris";EUR;43.95;44.20;43.75;43.85;"15/12/20 17:37";CET;15841;695461.50
INTERTRUST;NL0010937058;INTER;"Euronext Amsterdam";EUR;12.44;12.48;12.34;12.46;"15/12/20 17:35";CET;74716;928303.44
IPSEN;FR0010259150;IPN;"Euronext Paris";EUR;68.85;69.15;67.75;68.85;"15/12/20 17:35";CET;86445;5934933.50
IPSOS;FR0000073298;IPS;"Euronext Paris";EUR;28.65;30.00;28.65;29.70;"15/12/20 17:35";CET;100253;2967296.45
J.MARTINS,SGPS;PTJMT0AE0001;JMT;"Euronext Lisbon";EUR;14.525;14.525;14.155;14.18;"15/12/20 22:35";BST;896552;12764104.31
"JC DECAUX SA.";FR0000077919;DEC;"Euronext Paris";EUR;19.65;20.12;19.65;20.12;"15/12/20 17:35";CET;129354;2589101.34
"JDE PEET'S";NL0014332678;JDEP;"Euronext Amsterdam";EUR;33.61;34.29;33.40;34.25;"15/12/20 17:35";CET;200314;6829861.21
"JUST EAT TAKEAWAY";NL0012015705;TKWY;"Euronext Amsterdam";EUR;87.80;88.44;86.90;86.90;"15/12/20 17:35";CET;371666;32528097.22
KBC;BE0003565737;KBC;"Euronext Brussels";EUR;60.28;61.08;60.08;60.66;"15/12/20 17:37";CET;756039;45811813.76
"KBC ANCORA";BE0003867844;KBCA;"Euronext Brussels";EUR;35.14;35.70;35.00;35.70;"15/12/20 17:35";CET;24990;884937.36
KERING;FR0000121485;KER;"Euronext Paris";EUR;565.00;573.20;563.90;569.70;"15/12/20 17:35";CET;245735;140022140.80
"KERRY GROUP PLC";IE0004906560;KRZ;"Euronext Dublin";EUR;120.90;121.50;119.20;119.90;"15/12/20 21:08";IST;186131;22345155.80
"KINEPOLIS GROUP";BE0974274061;KIN;"Euronext Brussels";EUR;31.90;32.40;31.85;32.05;"15/12/20 17:35";CET;39202;1258012.95
"KINGSPAN GROUP PLC";IE0004927939;KRX;"Euronext Dublin";EUR;72.45;72.45;68.50;68.50;"15/12/20 21:08";IST;784825;54278713.75
KLEPIERRE;FR0000121964;LI;"Euronext Paris";EUR;18.57;19.05;18.50;19.005;"15/12/20 17:35";CET;1095776;20694132.30
"Kongsberg Gruppen";NO0003043309;KOG;"Oslo Børs";NOK;167.00;170.20;166.00;166.40;"15/12/20 16:25";CET;152168;2400982.96
KORIAN;FR0010386334;KORI;"Euronext Paris";EUR;29.16;29.66;28.82;29.52;"15/12/20 17:35";CET;157267;4614165.08
"KPN KON";NL0000009082;KPN;"Euronext Amsterdam";EUR;2.455;2.46;2.397;2.405;"15/12/20 17:35";CET;24878249;60177796.27
L''OREAL;FR0000120321;OR;"Euronext Paris";EUR;302.50;306.20;302.50;302.50;"15/12/20 17:35";CET;393158;119298731.10
"LAFARGEHOLCIM LTD";CH0012214059;LHN;"Euronext Paris";EUR;43.18;43.63;42.99;43.33;"15/12/20 17:35";CET;9641;417559.72
"LAGARDERE S.C.A.";FR0000130213;MMB;"Euronext Paris";EUR;19.53;20.02;19.47;19.94;"15/12/20 17:35";CET;136923;2711153.44
LDC;FR0013204336;LOUP;"Euronext Paris";EUR;99.00;100.00;99.00;99.40;"15/12/20 17:28";CET;643;63920.20
LEGRAND;FR0010307819;LR;"Euronext Paris";EUR;70.96;71.42;70.64;71.18;"15/12/20 17:35";CET;382711;27232338.82
"Lerøy Seafood Gp";NO0003096208;LSG;"Oslo Børs";NOK;54.50;55.34;54.20;54.72;"15/12/20 16:28";CET;1131880;5827987.01
"Link Mobility Grp";NO0010894231;LINK;"Oslo Børs";NOK;46.00;46.98;44.50;45.425;"15/12/20 16:25";CET;403808;1710025.23
LISI;FR0000050353;FII;"Euronext Paris";EUR;21.00;21.25;20.65;21.25;"15/12/20 17:35";CET;15414;323829.85
"LOTUS BAKERIES";BE0003604155;LOTB;"Euronext Brussels";EUR;3560.00;3560.00;3520.00;3530.00;"15/12/20 17:35";CET;152;537810.00
LVMH;FR0000121014;MC;"Euronext Paris";EUR;510.50;515.20;507.20;507.20;"15/12/20 17:35";CET;535189;272710681.90
MAREL;IS0000000388;MAREL;"Euronext Amsterdam";EUR;5.02;5.08;4.90;4.96;"15/12/20 17:35";CET;134686;669179.14
"MAROC TELECOM";MA0000011488;IAM;"Euronext Paris";EUR;13.50;13.50;13.50;13.50;"15/12/20 11:00";CET;149;2011.50
MELEXIS;BE0165385973;MELE;"Euronext Brussels";EUR;79.35;81.85;78.75;81.85;"15/12/20 17:35";CET;34310;2766472.65
MERCIALYS;FR0010241638;MERY;"Euronext Paris";EUR;7.25;7.375;7.15;7.365;"15/12/20 17:38";CET;494290;3605673.55
"MERCK AND CO INC";US58933Y1055;MRK;"Euronext Paris";EUR;69.80;69.80;64.60;66.60;"15/12/20 17:23";CET;1587;104648.40
"MERLIN PROPERTIES";ES0105025003;MRL;"Euronext Lisbon";EUR;7.75;7.75;7.745;7.745;"15/12/20 20:00";BST;7;54.22
"METROPOLE TV";FR0000053225;MMT;"Euronext Paris";EUR;14.10;14.42;13.88;14.26;"15/12/20 17:36";CET;234718;3349349.13
MICHELIN;FR0000121261;ML;"Euronext Paris";EUR;106.85;108.30;106.35;107.75;"15/12/20 17:37";CET;491299;52915148.65
MITHRA;BE0974283153;MITRA;"Euronext Brussels";EUR;19.84;19.98;19.52;19.60;"15/12/20 17:35";CET;75507;1486249.26
"MONTEA C.V.A.";BE0003853703;MONT;"Euronext Brussels, Paris";EUR;91.00;92.00;91.00;91.10;"15/12/20 17:35";CET;12230;1116468.60
Mowi;NO0003054108;MOWI;"Oslo Børs";NOK;177.90;180.05;177.50;180.00;"15/12/20 16:29";CET;1488834;25214063.14
NATIXIS;FR0000120685;KN;"Euronext Paris";EUR;2.613;2.664;2.596;2.662;"15/12/20 17:35";CET;5573139;14707532.11
NEL;NO0010081235;NEL;"Oslo Børs";NOK;24.25;24.56;23.88;24.56;"15/12/20 16:29";CET;6614778;15132908.42
NEOEN;FR0011675362;NEOEN;"Euronext Paris";EUR;50.50;51.40;50.20;51.00;"15/12/20 17:35";CET;141473;7205497.50
"NEPI ROCKCASTLE";IM00BDD7WV31;NRP;"Euronext Amsterdam";EUR;5.30;5.35;5.30;5.35;"15/12/20 10:53";CET;1400;7480.15
NEXANS;FR0000044448;NEX;"Euronext Paris";EUR;56.65;57.50;55.90;57.35;"15/12/20 17:35";CET;46747;2666719.50
NEXITY;FR0010112524;NXI;"Euronext Paris";EUR;32.90;33.32;32.76;33.24;"15/12/20 17:39";CET;68304;2262019.96
"NIBC HOLDING";NL0012756316;NIBC;"Euronext Amsterdam";EUR;7.44;7.45;7.44;7.45;"15/12/20 17:35";CET;100789;750196.66
"NN GROUP";NL0010773842;NN;"Euronext Amsterdam";EUR;33.47;33.82;33.34;33.73;"15/12/20 17:35";CET;922615;31081263.74
NOKIA;FI0009000681;NOKIA;"Euronext Paris";EUR;3.26;3.33;3.256;3.33;"15/12/20 17:35";CET;700020;2301881.69
"Nordic Semiconduc";NO0003055501;NOD;"Oslo Børs";NOK;133.50;133.70;131.70;132.40;"15/12/20 16:25";CET;256720;3203088.39
"Norsk Hydro";NO0005052605;NHY;"Oslo Børs";NOK;39.60;40.06;39.50;39.92;"15/12/20 16:26";CET;5101710;19167815.24
"Norway RoyalSalmon";NO0010331838;NRS;"Oslo Børs";NOK;207.80;207.80;204.60;207.00;"15/12/20 16:25";CET;12485;242458.36
"Norwegian Finans";NO0010387004;NOFI;"Oslo Børs";NOK;70.65;70.95;69.40;70.20;"15/12/20 16:25";CET;124315;822877.68
"NOS, SGPS";PTZON0AM0006;NOS;"Euronext Lisbon";EUR;3.078;3.084;2.982;2.986;"15/12/20 22:35";BST;1999198;6023970.52
OCI;NL0010558797;OCI;"Euronext Amsterdam";EUR;14.84;15.31;14.81;15.30;"15/12/20 17:39";CET;251097;3808225.29
"Olav Thon Eiendoms";NO0005638858;OLT;"Oslo Børs";NOK;173.00;173.00;169.00;172.00;"15/12/20 16:25";CET;3000;47965.13
"ONTEX GROUP";BE0974276082;ONTEX;"Euronext Brussels";EUR;10.21;10.41;10.14;10.35;"15/12/20 17:35";CET;221077;2277386.68
ORANGE;FR0000133308;ORA;"Euronext Paris";EUR;10.005;10.03;9.744;9.784;"15/12/20 17:36";CET;10292941;101421028.20
"ORANGE BELGIUM";BE0003735496;OBEL;"Euronext Brussels";EUR;21.80;21.85;21.80;21.80;"15/12/20 17:35";CET;243447;5315306.75
Orkla;NO0003733800;ORK;"Oslo Børs";NOK;85.02;85.22;84.54;84.74;"15/12/20 16:25";CET;1878037;15005425.31
ORPEA;FR0000184798;ORP;"Euronext Paris";EUR;106.15;107.25;106.15;107.10;"15/12/20 17:39";CET;85748;9168881.85
"PERNOD RICARD";FR0000120693;RI;"Euronext Paris";EUR;160.40;161.30;157.90;157.90;"15/12/20 17:38";CET;584735;92869599.75
PERSHING;GG00BPFJTF46;PSH;"Euronext Amsterdam";USD;32.30;32.40;32.10;32.15;"15/12/20 17:38";CET;94389;2504756.06
PEUGEOT;FR0000121501;UG;"Euronext Paris";EUR;21.19;21.60;21.07;21.57;"15/12/20 17:30";CET;2800658;59964813.37
"PHILIPS KON";NL0000009538;PHIA;"Euronext Amsterdam";EUR;42.95;43.665;42.78;43.355;"15/12/20 17:38";CET;1675440;72685824.65
PICANOL;BE0003807246;PIC;"Euronext Brussels";EUR;60.40;60.40;58.80;60.00;"15/12/20 15:54";CET;511;30543.60
"PLASTIC OMNIUM";FR0000124570;POM;"Euronext Paris";EUR;28.40;28.90;28.10;28.86;"15/12/20 17:35";CET;97024;2782308.80
PROSUS;NL0013654783;PRX;"Euronext Amsterdam";EUR;91.00;92.06;90.76;91.10;"15/12/20 17:38";CET;1584544;144553286.82
PROXIMUS;BE0003810273;PROX;"Euronext Brussels";EUR;17.32;17.515;17.13;17.20;"15/12/20 17:36";CET;998341;17250422.34
"PUBLICIS GROUPE SA";FR0000130577;PUB;"Euronext Paris";EUR;40.94;42.00;40.67;41.94;"15/12/20 17:35";CET;1179900;49163966.68
"RAMSAY GEN SANTE";FR0000044471;GDS;"Euronext Paris";EUR;18.00;18.00;18.00;18.00;"14/12/20 09:00";CET;65;1170.00
"RANDSTAD NV";NL0000379121;RAND;"Euronext Amsterdam";EUR;53.04;54.16;52.82;53.92;"15/12/20 17:35";CET;291207;15648270.62
"REINET INVESTMENTS";LU0383812293;REINA;"Euronext Amsterdam";EUR;14.12;15.68;14.12;15.68;"14/12/20 12:23";CET;331;5102.84
RELX;GB00B2B0DG97;REN;"Euronext Amsterdam";EUR;19.635;19.705;19.50;19.575;"15/12/20 17:35";CET;1284120;25147742.48
"REMY COINTREAU";FR0000130395;RCO;"Euronext Paris";EUR;151.00;151.20;147.30;147.30;"15/12/20 17:35";CET;54137;8033141.90
REN;PTREL0AM0008;RENE;"Euronext Lisbon";EUR;2.345;2.35;2.335;2.345;"15/12/20 22:35";BST;926419;2172619.39
RENAULT;FR0000131906;RNO;"Euronext Paris";EUR;35.80;36.885;35.625;36.795;"15/12/20 17:38";CET;1683816;61596145.35
"RETAIL ESTATES";BE0003720340;RET;"Euronext Brussels, Amsterdam";EUR;56.80;58.60;56.70;57.70;"15/12/20 17:35";CET;10046;577412.50
REXEL;FR0010451203;RXL;"Euronext Paris";EUR;11.90;12.165;11.865;12.085;"15/12/20 17:38";CET;619892;7480680.17
ROBERTET;FR0000039091;RBT;"Euronext Paris";EUR;870.00;904.00;862.00;902.00;"15/12/20 17:35";CET;1059;946429.00
"ROBERTET CDV 87";FR0000045619;CBR;"Euronext Paris";EUR;200.00;200.00;200.00;200.00;"29/09/20 16:30";CET;1;200.00
"ROBERTET CI";FR0000045601;CBE;"Euronext Paris";EUR;780.00;780.00;780.00;780.00;"14/12/20 16:45";CET;33;25740.00
"ROTHSCHILD & CO";FR0000031684;ROTH;"Euronext Paris";EUR;26.40;26.60;26.05;26.55;"15/12/20 17:39";CET;10795;284730.10
"ROYAL DUTCH SHELLA";GB00B03MLX29;RDSA;"Euronext Amsterdam";EUR;15.01;15.434;14.908;15.284;"15/12/20 17:35";CET;13892515;211546183.87
"ROYAL DUTCH SHELLB";GB00B03MM408;RDSB;"Euronext Amsterdam";EUR;14.32;14.658;14.176;14.452;"15/12/20 17:35";CET;101103;1458965.89
RUBIS;FR0013269123;RUI;"Euronext Paris";EUR;38.18;38.18;37.20;37.78;"15/12/20 17:35";CET;381897;14369365.46
"RYANAIR HOLD. PLC";IE00BYTBXV33;RY4C;"Euronext Dublin";EUR;15.70;15.76;15.56;15.60;"15/12/20 21:08";IST;2617122;40896027.56
S.E.B.;FR0000121709;SK;"Euronext Paris";EUR;145.00;145.80;144.50;145.00;"15/12/20 17:35";CET;33082;4798369.80
SAFRAN;FR0000073272;SAF;"Euronext Paris";EUR;119.20;120.60;116.90;118.35;"15/12/20 17:35";CET;835904;99124603.45
"SAINT GOBAIN";FR0000125007;SGO;"Euronext Paris, Amsterdam, Brussels";EUR;38.46;39.39;38.32;38.81;"15/12/20 17:35";CET;1360516;52781378.60
SalMar;NO0010310956;SALM;"Oslo Børs";NOK;463.00;465.00;458.30;461.50;"15/12/20 16:25";CET;188354;8191982.41
SANOFI;FR0000120578;SAN;"Euronext Paris";EUR;77.60;78.00;75.77;76.23;"15/12/20 17:37";CET;3270726;250510845.18
"SARTORIUS STED BIO";FR0013154002;DIM;"Euronext Paris";EUR;292.20;293.60;286.20;286.60;"15/12/20 17:35";CET;38938;11209689.60
"SBM OFFSHORE";NL0000360618;SBMO;"Euronext Amsterdam";EUR;15.37;15.655;15.355;15.645;"15/12/20 17:39";CET;561258;8735887.46
Scatec;NO0010715139;SSO;"Oslo Børs";NOK;299.60;303.40;298.40;299.40;"15/12/20 16:28";CET;446684;12639545.91
"Schibsted ser. A";NO0003028904;SCHA;"Oslo Børs";NOK;335.40;349.50;335.40;344.50;"15/12/20 16:25";CET;211681;6872915.01
"Schibsted ser. B";NO0010736879;SCHB;"Oslo Børs";NOK;292.40;303.20;292.40;298.40;"15/12/20 16:25";CET;141582;3992715.63
SCHLUMBERGER;AN8068571086;SLB;"Euronext Paris";EUR;18.40;18.85;18.30;18.55;"15/12/20 17:35";CET;24081;445212.00
"SCHNEIDER ELECTRIC";FR0000121972;SU;"Euronext Paris";EUR;116.35;117.80;116.10;116.10;"15/12/20 17:35";CET;988289;115049807.45
"SCOR SE";FR0010411983;SCR;"Euronext Paris";EUR;26.96;27.70;26.96;27.62;"15/12/20 17:35";CET;465974;12819559.14
"SEGRO PLC";GB00B5ZN1N88;SGRO;"Euronext Paris";EUR;10.09;10.09;10.09;10.09;"23/11/20 00:00";CET;-;-
SEMAPA;PTSEM0AM0004;SEM;"Euronext Lisbon";EUR;9.53;9.71;9.51;9.71;"15/12/20 22:35";BST;50553;486614.64
SES;LU0088087324;SESG;"Euronext Paris";EUR;7.78;7.834;7.68;7.69;"15/12/20 17:35";CET;1046795;8071489.75
SHURGARD;LU1883301340;SHUR;"Euronext Brussels";EUR;34.35;35.20;34.35;34.75;"15/12/20 17:35";CET;26358;916600.60
"SIGNIFY NV";NL0011821392;LIGHT;"Euronext Amsterdam";EUR;32.80;33.40;32.67;33.20;"15/12/20 17:35";CET;562725;18640567.63
"SLIGRO FOOD GROUP";NL0000817179;SLIGR;"Euronext Amsterdam";EUR;16.20;17.00;16.16;16.92;"15/12/20 17:35";CET;83579;1404600.56
"SMURFIT KAPPA GP";IE00B1RR8406;SK3;"Euronext Dublin";EUR;37.74;38.52;37.70;38.46;"15/12/20 21:00";IST;510979;19551085.95
"SOCIETE GENERALE";FR0000130809;GLE;"Euronext Paris";EUR;17.00;17.33;16.902;17.316;"15/12/20 17:39";CET;3687424;63544440.52
SODEXO;FR0000121220;SW;"Euronext Paris";EUR;72.16;73.10;70.92;72.66;"15/12/20 17:35";CET;465579;33608681.86
SOFINA;BE0003717312;SOF;"Euronext Brussels";EUR;265.00;265.00;262.00;263.00;"15/12/20 17:35";CET;13724;3611231.00
SOITEC;FR0013227113;SOI;"Euronext Paris";EUR;154.00;156.20;152.30;155.20;"15/12/20 17:35";CET;54468;8424557.10
"SOLUTIONS 30 SE";FR0013379484;S30;"Euronext Paris";EUR;9.95;11.20;7.51;9.175;"15/12/20 17:38";CET;12132237;114610744.44
"SOLVAC NOM(RETAIL)";BE0003545531;SOLV;"Euronext Brussels";EUR;113.00;115.00;113.00;114.00;"15/12/20 17:35";CET;1629;186831.00
SOLVAY;BE0003470755;SOLB;"Euronext Brussels, Paris";EUR;97.20;98.70;97.02;98.70;"15/12/20 17:35";CET;148102;14560337.74
"SOMFY SA";FR0013199916;SO;"Euronext Paris";EUR;136.60;140.80;136.60;140.00;"15/12/20 17:35";CET;10923;1516432.60
SONAE;PTSON0AM0001;SON;"Euronext Lisbon";EUR;0.70;0.70;0.68;0.688;"15/12/20 22:35";BST;3237152;2223015.00
"SOPRA STERIA GROUP";FR0000050809;SOP;"Euronext Paris";EUR;127.00;127.70;126.20;126.40;"15/12/20 17:35";CET;17803;2255279.20
"SpareBank 1 SMN";NO0006390301;MING;"Oslo Børs";NOK;95.00;95.60;93.90;94.40;"15/12/20 16:25";CET;132522;1179951.24
"SpareBank 1 SR-Bk";NO0010631567;SRBNK;"Oslo Børs";NOK;86.85;88.50;86.85;87.95;"15/12/20 16:25";CET;108129;895034.61
"SpBk 1 Østlandet";NO0010751910;SPOL;"Oslo Børs";NOK;97.70;97.90;96.40;96.50;"15/12/20 16:25";CET;22628;206831.42
SPIE;FR0012757854;SPIE;"Euronext Paris";EUR;17.10;17.25;16.83;17.22;"15/12/20 17:38";CET;228347;3915680.41
STEF;FR0000064271;STF;"Euronext Paris";EUR;72.60;72.60;71.50;71.80;"15/12/20 17:36";CET;1233;88680.40
STMICROELECTRONICS;NL0000226223;STM;"Euronext Paris";EUR;29.05;30.26;28.74;30.19;"15/12/20 17:39";CET;4050462;120349839.53
Storebrand;NO0003053605;STB;"Oslo Børs";NOK;62.30;62.50;61.76;62.36;"15/12/20 16:25";CET;1300482;7625287.91
"Subsea 7";LU0075646355;SUBC;"Oslo Børs";NOK;88.32;88.40;87.24;87.28;"15/12/20 16:25";CET;331819;2737373.08
SUEZ;FR0010613471;SEV;"Euronext Paris, Brussels";EUR;15.905;15.955;15.825;15.885;"15/12/20 17:35";CET;909812;14454649.95
TECHNIPFMC;GB00BDSFG982;FTI;"Euronext Paris";EUR;7.842;7.984;7.70;7.984;"15/12/20 17:38";CET;2278958;17962052.34
"TELENET GROUP";BE0003826436;TNET;"Euronext Brussels";EUR;34.82;35.02;34.34;34.36;"15/12/20 17:35";CET;237126;8170493.34
Telenor;NO0010063308;TEL;"Oslo Børs";NOK;150.35;150.60;148.40;148.50;"15/12/20 16:25";CET;1485460;20841803.26
TELEPERFORMANCE;FR0000051807;TEP;"Euronext Paris";EUR;264.00;269.60;262.50;267.70;"15/12/20 17:35";CET;201638;53837751.20
"TESCO PLC";GB0008847096;TCO;"Euronext Dublin";EUR;-;-;-;-;-;IST;-;-
TESSENDERLO;BE0003555639;TESB;"Euronext Brussels";EUR;33.35;33.85;33.10;33.60;"15/12/20 17:35";CET;16596;556768.75
"TETRAGON FIN GRP";GG00B1RMC548;TFG;"Euronext Amsterdam";USD;9.72;9.72;9.64;9.72;"15/12/20 17:35";CET;13363;106223.53
TF1;FR0000054900;TFI;"Euronext Paris";EUR;6.69;6.76;6.66;6.76;"15/12/20 17:35";CET;336167;2263143.09
"TGS-NOPEC Geophys";NO0003078800;TGS;"Oslo Børs";NOK;129.90;131.25;127.00;130.80;"15/12/20 16:25";CET;217118;2659960.19
THALES;FR0000121329;HO;"Euronext Paris";EUR;76.60;77.40;76.02;76.88;"15/12/20 17:35";CET;291455;22388474.80
"THE NAVIGATOR COMP";PTPTI0AM0006;NVG;"Euronext Lisbon";EUR;2.504;2.564;2.49;2.56;"15/12/20 22:35";BST;1553552;3941579.04
TietoEVRY;FI0009000277;TIETO;"Oslo Børs";NOK;279.20;279.20;274.80;277.60;"15/12/20 16:25";CET;10144;264768.58
"TIKEHAU CAPITAL";FR0013230612;TKO;"Euronext Paris";EUR;23.40;23.40;23.00;23.00;"15/12/20 17:35";CET;19711;456965.30
"TITAN CEMENT";BE0974338700;TITC;"Euronext Brussels, Paris";EUR;13.98;14.02;13.80;13.80;"15/12/20 17:35";CET;2262;31418.52
"TKH GROUP";NL0000852523;TWEKA;"Euronext Amsterdam";EUR;38.30;39.36;38.14;39.34;"15/12/20 17:35";CET;52284;2039669.22
"Tomra Systems";NO0005668905;TOM;"Oslo Børs";NOK;388.80;396.70;387.00;392.00;"15/12/20 16:25";CET;269573;9954765.45
TOMTOM;NL0013332471;TOM2;"Euronext Amsterdam";EUR;7.57;7.775;7.54;7.745;"15/12/20 17:35";CET;320352;2464878.74
TOTAL;FR0000120271;FP;"Euronext Paris, Brussels";EUR;36.48;37.06;36.245;36.56;"15/12/20 17:39";CET;7415344;271486850.11
TRIGANO;FR0005691656;TRI;"Euronext Paris";EUR;143.70;144.00;140.70;142.00;"15/12/20 17:35";CET;15906;2261587.60
TUBIZE-FIN;BE0003823409;TUB;"Euronext Brussels";EUR;80.60;81.70;80.50;80.50;"15/12/20 17:35";CET;2217;179209.10
"TULLOW OIL PLC";GB0001500809;TQW;"Euronext Dublin";EUR;0.36;0.36;0.35;0.35;"15/12/20 14:39";IST;10625;3733.23
"UBISOFT ENTERTAIN";FR0000054470;UBI;"Euronext Paris";EUR;77.00;77.10;74.98;74.98;"15/12/20 17:35";CET;556126;42144524.16
UCB;BE0003739530;UCB;"Euronext Brussels";EUR;87.56;88.14;86.62;86.62;"15/12/20 17:35";CET;224438;19489314.92
UMICORE;BE0974320526;UMI;"Euronext Brussels";EUR;39.00;39.66;37.86;39.35;"15/12/20 17:35";CET;1279600;49945961.67
UNIBAIL-RODAMCO-WE;FR0013326246;URW;"Euronext Amsterdam, Paris";EUR;60.50;63.88;60.28;62.70;"15/12/20 17:38";CET;1177776;73549643.30
UNIBEL;FR0000054215;UNBL;"Euronext Paris";EUR;605.00;605.00;600.00;600.00;"14/12/20 16:30";CET;27;16305.00
UNILEVER;GB00B10RZP78;UNA;"Euronext Amsterdam";EUR;47.90;48.245;47.515;47.515;"15/12/20 17:35";CET;3190572;152311550.00
VALEO;FR0013176526;FR;"Euronext Paris";EUR;31.74;31.98;31.48;31.93;"15/12/20 17:35";CET;549561;17485580.17
VALLOUREC;FR0013506730;VK;"Euronext Paris";EUR;27.80;28.33;27.57;27.875;"15/12/20 17:35";CET;74262;2072736.41
Veidekke;NO0005806802;VEI;"Oslo Børs";NOK;105.40;107.00;105.40;106.60;"15/12/20 16:25";CET;134998;1352166.68
"VEOLIA ENVIRON.";FR0000124141;VIE;"Euronext Paris";EUR;19.635;19.68;19.31;19.375;"15/12/20 17:35";CET;1829888;35557303.30
VEON;BMG9349W1038;VEON;"Euronext Amsterdam";EUR;1.322;1.348;1.302;1.336;"15/12/20 17:24";CET;48533;64243.19
VERALLIA;FR0013447729;VRLA;"Euronext Paris";EUR;27.75;28.50;27.55;28.50;"15/12/20 17:35";CET;104495;2931696.80
VGP;BE0003878957;VGP;"Euronext Brussels";EUR;123.80;123.80;120.60;121.00;"15/12/20 17:35";CET;6093;740928.40
VICAT;FR0000031775;VCT;"Euronext Paris";EUR;34.40;34.70;33.90;34.40;"15/12/20 17:35";CET;40794;1400425.70
"VILMORIN & CIE";FR0000052516;RIN;"Euronext Paris";EUR;49.30;49.65;48.90;49.40;"15/12/20 17:35";CET;4747;234181.10
VINCI;FR0000125486;DG;"Euronext Paris";EUR;85.00;86.02;84.24;85.46;"15/12/20 17:35";CET;1325838;112962297.52
VIRBAC;FR0000031577;VIRP;"Euronext Paris";EUR;231.00;236.50;229.00;235.00;"15/12/20 17:35";CET;8431;1976287.00
VIVENDI;FR0000127771;VIV;"Euronext Paris";EUR;25.73;25.80;25.58;25.58;"15/12/20 17:35";CET;2446093;62732177.22
VOLTALIA;FR0011995588;VLTSA;"Euronext Paris";EUR;20.45;21.35;20.20;21.20;"15/12/20 17:35";CET;101255;2111878.15
VOPAK;NL0009432491;VPK;"Euronext Amsterdam";EUR;42.62;43.11;42.37;42.92;"15/12/20 17:36";CET;458173;19616802.99
"Wallenius Wilhelms";NO0010571680;WAWI;"Oslo Børs";NOK;21.90;22.35;21.65;22.10;"15/12/20 16:30";CET;331145;684572.28
WDP;BE0974349814;WDP;"Euronext Brussels, Amsterdam";EUR;27.68;27.78;27.40;27.50;"15/12/20 17:35";CET;256067;7053766.06
WENDEL;FR0000121204;MF;"Euronext Paris";EUR;98.55;98.70;97.90;98.35;"15/12/20 17:35";CET;45252;4446860.40
"WOLTERS KLUWER";NL0000395903;WKL;"Euronext Amsterdam";EUR;68.10;68.54;67.72;67.72;"15/12/20 17:36";CET;679461;46168856.80
WORLDLINE;FR0011981968;WLN;"Euronext Paris";EUR;75.20;76.70;75.20;75.62;"15/12/20 17:35";CET;649589;49263589.50
"XPO LOGISTICS";FR0000052870;XPO;"Euronext Paris";EUR;284.00;284.00;284.00;284.00;"15/12/20 16:41";CET;1;284.00
"Yara International";NO0010208051;YAR;"Oslo Børs";NOK;348.40;352.80;347.20;352.80;"15/12/20 16:25";CET;463485;15350244.73
